Workbook
Name _Order1: 0
Name FID_1: [1]AGR_Fuels!$A$2

Sheet BALANCE
B2: * Energy Balance / Bilans energii
B4: Tabela 1: Uproszczony bilans energii dla polskiego systemu elektroenergetycznego w 2020 r.
B5: Table 1: Simple energy balance of Polish energy system in 2020
B6: Typ jednostki wytwórczej | C6: Generation unit type | D6: Moc osiągalna elektryczna netto | E6: Produkcja energii elektrycznej netto | F6: Produkcja ciepła netto | G6: Zużycie paliwa | H6: Średnia wartość opałowa | I6: Zużycie paliwa | J6: Średnia wartość opałowa
D7: Net Electric Power | E7: Net electricity generation | F7: Net heat generation | G7: Fuel used | H7: Average lower heating valuee | I7: Fuel used | J7: Average lower heating valuee
D8: MW | E8: GWh | F8: TJ | G8: kt | H8: kJ/kg | I8: mln m3 | J8: kJ/m3
B9: Elektrownie na węglu kamiennym1 | C9: Hard coal fired Electricity only power plants | D9: 17023.8 | E9: 47860 | G9: 20996.9 | H9: 21688.2
B10: Elektrownie na węglu brunatnym1 | C10: Brown coal fired Electricity only power plants | D10: 7391.2 | E10: 34351.7 | G10: 45266.6 | H10: 7935.8
B11: Elektrociepłownie na węglu kamiennym1 | C11: Hard coal fired Combined Heat & Power power plants | D11: 4094.6 | E11: 16259.8 | F11: 137017.3 | G11: 11204.8 | H11: 21089.6
B12: Elektrownie na gazie ziemnym1 | C12: Natural gas fired Electricity only power plants | D12: 1656.5 | E12: 7464.6 | F12: 17571.3 | I12: 2109.503 | J12: 32467
B13: Elektrownie wiatrowe1 | C13: Onshore Wind Turbines | D13: 6227.6934 | E13: 15623.049
B14: Elektrownie słoneczne1 | C14: Large Scale Photovoltaics | D14: 3954.96 | E14: 1957.92
B15: Ciepłownie2 | C15: Hard coal fired Heat only plants | D15: 19.806 | F15: 81695 | G15: 4227 | H15: 22840
B16: Razem | C16: Total | E16: =SUM(E9:E15) -> 123517.07 | F16: =SUM(F9:F15) -> 236283.6
B17: Source / Źródło:
B18: 1) opracowanie własne na podstawie "Statystyka Elektroenergetyki Polskiej 2020" - Ministerstwo Klimatu i Środowiska, Agencja Rynku Energii S.A., Warszawa 2021.
B19: 2) opracowanie własne na podstawie "Energetyka Cieplna w Liczbach 2021" - Urząd Regulacji Energetyki, Warszawa 2022.
B20: 3) EUROSTAT NRG_BAL, NRG_BAL_PEH.
B23: * Transmission & Distribution Losses / Straty przesyłu i dystrybucji
B25: Tabela 2: Efficiency of Transmission and distribution of energy carriers in 2020
B26: Tabela 2: Sprawności przesyłu i transformacji nośników energii w sieci w 2020 r.
B27: Nośnik energii | C27: Energy carrier | D27: Przesył i transformacja | E27: Sprawność
D28: Transmission and distribution | E28: Efficiency
B29: Energia elektryczna | C29: Electricity | D29: WN-WN | HV-HV | E29: 0.97706172
B30: Energia elektryczna | C30: Electricity | D30: WN-SN | HV-MV | E30: 0.97644164
B31: Energia elektryczna | C31: Electricity | D31: SN-nn | MV-LV | E31: 0.95152534
B32: Energia cieplna | C32: District Heat | D32: WT-NT | HT-LT | E32: 0.859
B33: Source / Źródło:
B34: 1) opracowanie własne na podstawie "Statystyka Elektroenergetyki Polskiej 2020" - Ministerstwo Klimatu i Środowiska, Agencja Rynku Energii S.A., Warszawa 2021.
B35: 2) opracowanie własne na podstawie "Energetyka Cieplna w Liczbach 2021" - Urząd Regulacji Energetyki, Warszawa 2022.
B38: * Final Energy Demand / Popyt na energię finalną
B40: Table 3: Final energy demand in 2020
B41: Tabela 3: Zapotrzebowanie na energię końcową w 2020 r.
B42: Nośnik energii | C42: Energy carrier | D42: Jednostka | E42: Zapotrzebowanie końcowe
D43: Unit | E43: Final energy demand
B44: Energia elektryczna | C44: Electricity | D44: [TWh] | E44: =ROUNDDOWN(SUM(E9:E14)*(PRODUCT(E29:E31)/1000),3) -> 112.128
B45: Energia cieplna | C45: District Heat | D45: [PJ] | E45: =ROUNDDOWN(SUM(F9:F15)*E32/1000,3) -> 202.967
B46: Source / Źródło:
B47: 1) opracowanie własne na podstawie "Statystyka Elektroenergetyki Polskiej 2020" - Ministerstwo Klimatu i Środowiska, Agencja Rynku Energii S.A., Warszawa 2021.
B48: 2) opracowanie własne na podstawie "Energetyka Cieplna w Liczbach 2021" - Urząd Regulacji Energetyki, Warszawa 2022.

Sheet SEC_Comm
B2: Define Commodities
B4: ~FI_Comm
B5: Csets | C5: CommName | D5: CommDesc | E5: Unit | F5: LimType | G5: CTSLvl | H5: PeakTS | I5: Ctype
B6: \I: Commodity Set | C6: Commodity Name | D6: Commodity Description | E6: Unit | F6: Sense of Balance Equation | G6: TimeSlice Level | H6: Peak Monitoring | I6: Electricity Indicator (for CHPs)
B7: \I: Predefiniowany zbiór dóbr | C7: Nazwa dobra | D7: Opis sobra | E7: Jednostka dobra | F7: - | G7: Poziom podokresów roku - równanie bilansu | H7: - | I7: Oznaczenie dobra "energia elektryczna" dla CHP
B8: DEM | C8: ELEC_FIN | D8: Electricity - Final Energy | E8: PJ
B9: DEM | C9: HEAT_FIN | D9: District Heat - Final Energy | E9: PJ
B12: Copy from ELC
B14: No tag - won't be read by Veda
B15: Csets | C15: CommName | D15: CommDesc | E15: Unit | F15: LimType | G15: CTSLvl | H15: PeakTS | I15: Ctype
B16: NRG | C16: ELEC_LV | D16: Low Voltage Electricity (< 1kV) | E16: PJ | G16: DAYNITE
B17: NRG | C17: HEAT_DH | D17: District Heating | E17: PJ | G17: DAYNITE

Sheet SEC_Processes
B2: Define Processes
B4: ~FI_Process
B5: Sets | C5: Region | D5: TechName | E5: TechDesc | F5: Tact | G5: Tcap | H5: Tslvl | I5: PrimaryCG | J5: Vintage
B6: \I: Process Set | C6: Region Name | D6: Technology Name | E6: Technology Description | F6: Activity Unit | G6: Capacity Unit | H6: TimeSlice Level | I6: Primary Commodity Group | J6: Vintage Tracking
B7: \I: Predefiniowany zbiór procesów | C7: Nazwa regionu | D7: Nazwa procesu | E7: Opis procesu | F7: Jednostka aktywności procesu | G7: Jednostka mocy zainstalowanej procesu | H7: Poziom podokresów roku - równanie bilansu | I7: - | J7: -
B8: DMD | C8: PL | D8: ELEC_FIN_DMD | E8: Electricity - Final Energy Demand | F8: PJ | G8: PJa | H8: DAYNITE
B9: DMD | C9: PL | D9: HEAT_FIN_DMD | E9: Heat - Final Energy Demand Process | F9: PJ | G9: PJa | H9: DAYNITE
B12: Available Process Sets
B13: ELE | C13: Power Plant (Electricity Only)
B14: CHP | C14: Combined Heat & Power Plant
B15: STG | C15: Timeslice Storage
B16: PRE | C16: Generic Process
B17: DMD | C17: Demand Process | D17: Should have a Commodity of type DEM at its output
B18: IMP | C18: Import | D18: Commodity only at Output
B19: EXP | C19: Eksport | D19: Commodity only at Input
B20: MIN | C20: Mining | D20: Commodity only at Output
B21: HPL | C21: Heat Only Plant

Sheet FINAL_DEMAD_PRC
B2: Final Energy Consumption Technologies
E4: ~FI_T
B5: TechName | C5: *TechDesc | D5: Comm-IN | E5: Comm-OUT | F5: EFF | G5: CAP2ACT
B6: \I: Technology Name | C6: Technology Description | D6: Commodity Input | E6: Commodity Output | F6: Efficiency | G6: Capacity to Activity Factor
B7: \I: Nazwa procesu | C7: Opis procesu | D7: Dobro na wejściu | E7: Dobro na wyjściu | F7: Sprawność | G7: Przelicz
B8: =SEC_Processes!D8 -> ELEC_FIN_DMD | C8: =SEC_Processes!E8 -> Electricity - Final Energy Demand | D8: =SEC_Comm!C16 -> ELEC_LV | E8: =SEC_Comm!C8 -> ELEC_FIN | F8: 1 | G8: 1
B9: =SEC_Processes!D9 -> HEAT_FIN_DMD | C9: =SEC_Processes!E9 -> Heat - Final Energy Demand Process | D9: =SEC_Comm!C17 -> HEAT_DH | E9: =SEC_Comm!C9 -> HEAT_FIN | F9: 1 | G9: 1

Sheet DEMAND
B2: Demand
B4: ~FI_T:DEMAND
B5: CommName | C5: 2020 | D5: 2021 | E5: 2025 | F5: 2030 | G5: 2035 | H5: 2040 | I5: 2045 | J5: 2050
B6: \I: Commodity Name | C6: Annual Demand Value [PJ/a]
B7: \I: Nazwa dobra (popytowego) | C7: Roczna wartość popytu [PJ/a]
B8: =SEC_Comm!C8 -> ELEC_FIN | C8: =BALANCE!E44*3.6 -> 403.6608 | D8: =C8 -> 403.6608 | E8: =C8*(1+$C$13) -> 450.08179 | F8: =E8*(1+$C$13) -> 501.8412 | G8: =F8*(1+$C$13) -> 559.55294 | H8: =G8*(1+$C$13) -> 623.90152 | I8: =H8*(1+$C$13) -> 695.6502 | J8: =I8*(1+$C$13) -> 775.64997 | L8: =J8/C8 -> 1.921539
B9: =SEC_Comm!C9 -> HEAT_FIN | C9: =BALANCE!E45 -> 202.967 | D9: =C9 -> 202.967 | E9: =C9*(1+$C$14) -> 198.90766 | F9: =E9*(1+$C$14) -> 194.92951 | G9: =F9*(1+$C$14) -> 191.03092 | H9: =G9*(1+$C$14) -> 187.2103 | I9: =H9*(1+$C$14) -> 183.46609 | J9: =I9*(1+$C$14) -> 179.79677 | L9: =J9/C9 -> 0.88584238
B12: 5-year change (demand forecast)
B13: =B8 -> ELEC_FIN | C13: 0.115
B14: =B9 -> HEAT_FIN | C14: -0.02
